"userid","rcount","nrcount","rumour_ratio","user_status"
"58","0","1","0",NULL
"36823","0","1","0",NULL
"428333","28","9","0.756757",NULL
"612473","0","1","0",NULL
"628043","0","1","0",NULL
"628073","0","1","0",NULL
"742143","8","13","0.380952",NULL
"755113","0","1","0",NULL
"759251","7","9","0.4375",NULL
"778057","0","1","0",NULL
"788524","1","2","0.333333",NULL
"807095","5","3","0.625",NULL
"972651","11","7","0.611111",NULL
"1140451","1","0","1",NULL
"1344951","1","0","1",NULL
"1367531","22","9","0.709677",NULL
"1496971","1","0","1",NULL
"1652541","20","5","0.8",NULL
"1716581","8","13","0.380952",NULL
"1877831","2","0","1",NULL
"1947301","0","3","0",NULL
"2097571","15","8","0.652174",NULL
"2467791","3","3","0.5",NULL
"2557521","0","1","0",NULL
"2768501","14","10","0.583333",NULL
"2836421","1","1","0.5",NULL
"2884771","2","4","0.333333",NULL
"3108351","11","12","0.478261",NULL
"3497941","2","0","1",NULL
"3684431","1","0","1",NULL
"4033561","1","0","1",NULL
"4207961","0","1","0",NULL
"4465521","0","1","0",NULL
"4970411","2","3","0.4",NULL
"5392522","1","0","1",NULL
"5402612","35","18","0.660377",NULL
"5513002","1","8","0.111111",NULL
"5695632","1","0","1",NULL
"5867842","1","0","1",NULL
"5943072","4","5","0.444444",NULL
"5971922","0","1","0",NULL
"5988062","0","2","0",NULL
"6017542","20","5","0.8",NULL
"6038642","2","0","1",NULL
"6039302","0","1","0",NULL
"6134882","0","1","0",NULL
"6246092","0","1","0",NULL
"6267962","0","1","0",NULL
"6273552","0","1","0",NULL
"6433472","12","7","0.631579",NULL
"6482142","1","0","1",NULL
"6591312","1","0","1",NULL
"7197752","0","1","0",NULL
"7214972","1","0","1",NULL
"7309052","4","0","1",NULL
"7401202","0","1","0",NULL
"7587032","25","20","0.555556",NULL
"7589572","0","1","0",NULL
"7607852","0","2","0",NULL
"7702542","0","1","0",NULL
"7744592","2","3","0.4",NULL
"7768402","0","11","0",NULL
"8071902","0","2","0",NULL
"8170292","0","1","0",NULL
"8197942","1","1","0.5",NULL
"8320162","0","1","0",NULL
"8330472","0","1","0",NULL
"8736882","19","7","0.730769",NULL
"8839632","2","2","0.5",NULL
"8973062","1","0","1",NULL
"9235982","1","0","1",NULL
"9295502","0","1","0",NULL
"9411482","0","1","0",NULL
"9507342","1","0","1",NULL
"9517882","0","1","0",NULL
"9606552","1","0","1",NULL
"9609632","7","3","0.7",NULL
"9624742","0","1","0",NULL
"9648652","1","0","1",NULL
"9763482","1","0","1",NULL
"10168082","1","0","1",NULL
"10252962","0","1","0",NULL
"10703412","0","1","0",NULL
"11265832","0","5","0",NULL
"11741632","0","1","0",NULL
"12004852","2","2","0.5",NULL
"12442992","0","1","0",NULL
"12520212","1","0","1",NULL
"12579352","1","1","0.5",NULL
"12811952","0","1","0",NULL
"12848262","5","2","0.714286",NULL
"12987202","0","1","0",NULL
"12993222","0","1","0",NULL
"13049362","2","1","0.666667",NULL
"13393052","0","9","0",NULL
"13496142","0","1","0",NULL
"13557782","0","1","0",NULL
"13557972","1","1","0.5",NULL
"13829772","0","1","0",NULL
"13896552","1","0","1",NULL
"14090948","7","95","0.0686274",NULL
"14098166","0","1","0",NULL
"14138785","2","1","0.666667",NULL
"14155907","2","2","0.5",NULL
"14173315","15","11","0.576923",NULL
"14200367","0","1","0",NULL
"14216661","1","6","0.142857",NULL
"14224719","0","1","0",NULL
"14260960","0","1","0",NULL
"14267557","0","3","0",NULL
"14289923","1","0","1",NULL
"14293310","1","3","0.25",NULL
"14316371","0","1","0",NULL
"14319105","0","1","0",NULL
"14321959","0","3","0",NULL
"14392559","0","1","0",NULL
"14401607","1","0","1",NULL
"14404725","0","1","0",NULL
"14437914","0","1","0",NULL
"14460241","2","0","1",NULL
"14464766","3","1","0.75",NULL
"14498713","0","2","0",NULL
"14503124","0","1","0",NULL
"14511951","2","3","0.4",NULL
"14515799","1","0","1",NULL
"14526877","0","2","0",NULL
"14550221","0","1","0",NULL
"14560097","1","0","1",NULL
"14569869","2","0","1",NULL
"14584903","0","1","0",NULL
"14588798","1","0","1",NULL
"14606079","0","1","0",NULL
"14609435","0","1","0",NULL
"14675395","0","1","0",NULL
"14677919","0","2","0",NULL
"14678279","1","0","1",NULL
"14681605","1","0","1",NULL
"14697575","0","1","0",NULL
"14700316","0","1","0",NULL
"14715424","0","4","0",NULL
"14717197","4","1","0.8",NULL
"14722589","3","1","0.75",NULL
"14764240","0","1","0",NULL
"14765253","0","1","0",NULL
"14782581","0","1","0",NULL
"14788739","0","1","0",NULL
"14806497","1","0","1",NULL
"14849562","0","14","0",NULL
"14855994","0","1","0",NULL
"14892330","0","1","0",NULL
"14940354","4","2","0.666667",NULL
"14997555","1","0","1",NULL
"15012486","5","1","0.833333",NULL
"15020865","0","1","0",NULL
"15037033","1","0","1",NULL
"15070269","1","0","1",NULL
"15108530","3","0","1",NULL
"15108702","3","2","0.6",NULL
"15143478","0","1","0",NULL
"15157939","0","1","0",NULL
"15164565","0","3","0",NULL
"15220768","2","0","1",NULL
"15224867","0","1","0",NULL
"15232098","0","2","0",NULL
"15234546","2","0","1",NULL
"15249499","0","1","0",NULL
"15250661","4","4","0.5",NULL
"15256225","1","1","0.5",NULL
"15361389","0","1","0",NULL
"15374755","0","1","0",NULL
"15384969","0","2","0",NULL
"15400294","2","0","1",NULL
"15438913","1","2","0.333333",NULL
"15446531","0","1","0",NULL
"15446551","0","1","0",NULL
"15458694","0","1","0",NULL
"15492359","0","1","0",NULL
"15513604","1","3","0.25",NULL
"15586316","0","1","0",NULL
"15598781","0","1","0",NULL
"15638836","0","1","0",NULL
"15644999","0","2","0",NULL
"15667291","0","1","0",NULL
"15669672","2","0","1",NULL
"15727317","3","1","0.75",NULL
"15754281","8","2","0.8",NULL
"15764415","0","1","0",NULL
"15774048","0","1","0",NULL
"15837659","1","0","1",NULL
"15871416","0","1","0",NULL
"15888299","0","1","0",NULL
"15890403","1","0","1",NULL
"15896580","1","1","0.5",NULL
"15907183","0","6","0",NULL
"15911806","0","1","0",NULL
"15932715","0","2","0",NULL
"15942075","1","0","1",NULL
"15951166","0","1","0",NULL
"15951232","1","0","1",NULL
"15956067","0","1","0",NULL
"15966995","3","2","0.6",NULL
"15994109","2","0","1",NULL
"15996661","3","2","0.6",NULL
"16012783","0","2","0",NULL
"16019070","1","0","1",NULL
"16031927","2","0","1",NULL
"16045547","0","1","0",NULL
"16055389","0","2","0",NULL
"16076032","0","1","0",NULL
"16106522","0","1","0",NULL
"16116288","3","1","0.75",NULL
"16145763","6","1","0.857143",NULL
"16150136","1","0","1",NULL
"16153562","0","1","0",NULL
"16164636","0","2","0",NULL
"16198940","0","4","0",NULL
"16211566","0","1","0",NULL
"16215478","1","3","0.25",NULL
"16220555","2","1","0.666667",NULL
"16249591","0","1","0",NULL
"16253142","0","2","0",NULL
"16269666","1","0","1",NULL
"16299754","1","0","1",NULL
"16307818","1","0","1",NULL
"16313405","1","0","1",NULL
"16338550","0","1","0",NULL
"16343974","4","6","0.4",NULL
"16444025","0","1","0",NULL
"16469809","0","3","0",NULL
"16534576","1","0","1",NULL
"16552689","0","1","0",NULL
"16553638","0","1","0",NULL
"16560657","0","3","0",NULL
"16589206","2","1","0.666667",NULL
"16593816","1","0","1",NULL
"16650570","0","1","0",NULL
"16661744","0","1","0",NULL
"16664681","1","1","0.5",NULL
"16671007","1","0","1",NULL
"16675569","9","9","0.5",NULL
"16725276","0","1","0",NULL
"16734909","0","1","0",NULL
"16745015","0","1","0",NULL
"16753407","1","0","1",NULL
"16807528","0","1","0",NULL
"16811829","0","1","0",NULL
"16834491","0","1","0",NULL
"16834659","19","2","0.904762",NULL
"16887175","4","0","1",NULL
"16893929","2","0","1",NULL
"16930489","1","1","0.5",NULL
"16935292","0","1","0",NULL
"16936858","2","2","0.5",NULL
"16948493","1","2","0.333333",NULL
"16955991","1","0","1",NULL
"16957390","0","1","0",NULL
"16960279","0","1","0",NULL
"16973333","8","26","0.235294",NULL
"16992416","0","1","0",NULL
"17001435","0","1","0",NULL
"17004618","1","0","1",NULL
"17029979","0","1","0",NULL
"17068692","0","5","0",NULL
"17072206","1","1","0.5",NULL
"17073225","0","1","0",NULL
"17073325","0","2","0",NULL
"17093604","1","0","1",NULL
"17134268","0","2","0",NULL
"17175457","1","0","1",NULL
"17350250","0","1","0",NULL
"17354377","0","1","0",NULL
"17374906","0","1","0",NULL
"17387561","0","1","0",NULL
"17447972","0","1","0",NULL
"17448965","0","1","0",NULL
"17469289","3","2","0.6",NULL
"17537467","1","4","0.2",NULL
"17561562","3","0","1",NULL
"17641218","0","1","0",NULL
"17659340","1","0","1",NULL
"17668544","0","1","0",NULL
"17672825","0","1","0",NULL
"17679977","0","1","0",NULL
"17693277","0","1","0",NULL
"17740486","1","0","1",NULL
"17741799","0","1","0",NULL
"17765045","0","1","0",NULL
"17820367","1","0","1",NULL
"17895820","1","0","1",NULL
"17897698","0","1","0",NULL
"17919393","2","0","1",NULL
"17974481","0","1","0",NULL
"17975190","0","1","0",NULL
"17976370","0","1","0",NULL
"17983365","1","0","1",NULL
"17984709","0","1","0",NULL
"17990493","1","0","1",NULL
"17995040","0","1","0",NULL
"18040230","1","1","0.5",NULL
"18040878","0","1","0",NULL
"18060885","1","0","1",NULL
"18066812","0","1","0",NULL
"18101696","0","1","0",NULL
"18119570","1","0","1",NULL
"18144581","0","1","0",NULL
"18145829","0","1","0",NULL
"18197912","0","1","0",NULL
"18206318","1","0","1",NULL
"18207168","1","0","1",NULL
"18217574","1","0","1",NULL
"18277355","1","1","0.5",NULL
"18278257","0","1","0",NULL
"18294906","1","3","0.25",NULL
"18309277","0","1","0",NULL
"18424289","4","4","0.5",NULL
"18435601","0","1","0",NULL
"18441335","0","1","0",NULL
"18479513","0","1","0",NULL
"18510860","1","4","0.2",NULL
"18511475","0","2","0",NULL
"18523773","0","1","0",NULL
"18553134","1","0","1",NULL
"18560045","0","1","0",NULL
"18610936","0","2","0",NULL
"18622869","0","1","0",NULL
"18628451","0","2","0",NULL
"18631010","1","3","0.25",NULL
"18638090","0","2","0",NULL
"18643437","2","5","0.285714",NULL
"18655567","1","0","1",NULL
"18711754","2","0","1",NULL
"18725815","0","1","0",NULL
"18734884","0","1","0",NULL
"18839785","0","3","0",NULL
"18839937","0","1","0",NULL
"18841425","0","1","0",NULL
"18909186","0","1","0",NULL
"18963809","0","1","0",NULL
"18965790","0","2","0",NULL
"18965916","1","1","0.5",NULL
"18999969","20","10","0.666667",NULL
"19000033","1","1","0.5",NULL
"19013887","0","1","0",NULL
"19017675","0","1","0",NULL
"19038934","36","5","0.878049",NULL
"19041310","0","1","0",NULL
"19057300","0","1","0",NULL
"19077044","0","1","0",NULL
"19088288","0","1","0",NULL
"19114232","0","1","0",NULL
"19140457","0","1","0",NULL
"19160138","1","0","1",NULL
"19209645","0","3","0",NULL
"19211550","1","0","1",NULL
"19222164","0","3","0",NULL
"19240337","0","1","0",NULL
"19259102","0","1","0",NULL
"19278423","1","0","1",NULL
"19292807","0","1","0",NULL
"19303691","0","1","0",NULL
"19317766","0","3","0",NULL
"19318739","1","0","1",NULL
"19380829","1","0","1",NULL
"19468168","0","7","0",NULL
"19630451","0","1","0",NULL
"19636948","21","7","0.75",NULL
"19673276","0","1","0",NULL
"19706851","0","1","0",NULL
"19737638","0","1","0",NULL
"19796721","0","1","0",NULL
"19806962","0","1","0",NULL
"19835035","0","1","0",NULL
"19865053","0","1","0",NULL
"19881665","2","0","1",NULL
"19899606","0","1","0",NULL
"19948174","1","0","1",NULL
"20043786","0","2","0",NULL
"20136892","0","1","0",NULL
"20159596","0","1","0",NULL
"20188930","0","1","0",NULL
"20190311","0","1","0",NULL
"20197308","0","3","0",NULL
"20295264","0","1","0",NULL
"20295763","0","1","0",NULL
"20351594","0","1","0",NULL
"20374262","1","0","1",NULL
"20399735","0","1","0",NULL
"20402945","1","1","0.5",NULL
"20494730","1","0","1",NULL
"20512260","0","1","0",NULL
"20562637","1","1","0.5",NULL
"20633535","1","0","1",NULL
"20639175","6","2","0.75",NULL
"20748745","0","2","0",NULL
"20772763","1","1","0.5",NULL
"20779110","0","1","0",NULL
"20843894","0","1","0",NULL
"20891396","0","1","0",NULL
"21106414","1","0","1",NULL
"21123640","1","0","1",NULL
"21133007","0","1","0",NULL
"21148293","0","1","0",NULL
"21212604","4","1","0.8",NULL
"21220931","1","0","1",NULL
"21328706","0","1","0",NULL
"21344944","0","1","0",NULL
"21360768","0","2","0",NULL
"21362105","0","1","0",NULL
"21377384","0","1","0",NULL
"21401523","0","1","0",NULL
"21462959","0","1","0",NULL
"21467787","0","1","0",NULL
"21477475","0","2","0",NULL
"21522338","0","1","0",NULL
"21548431","1","4","0.2",NULL
"21622407","0","1","0",NULL
"21638203","0","1","0",NULL
"21642733","0","1","0",NULL
"21660529","1","1","0.5",NULL
"21728303","1","0","1",NULL
"21744712","0","3","0",NULL
"21748597","0","1","0",NULL
"21757965","1","0","1",NULL
"21764143","0","1","0",NULL
"21785215","0","1","0",NULL
"21851493","1","0","1",NULL
"21866939","3","1","0.75",NULL
"21879831","4","1","0.8",NULL
"21924217","0","1","0",NULL
"21957401","1","0","1",NULL
"22021978","0","2","0",NULL
"22063600","0","1","0",NULL
"22092333","0","1","0",NULL
"22123727","1","0","1",NULL
"22129280","2","0","1",NULL
"22138134","1","1","0.5",NULL
"22192440","1","0","1",NULL
"22240612","1","1","0.5",NULL
"22416658","0","1","0",NULL
"22443725","0","1","0",NULL
"22536395","0","2","0",NULL
"22568416","1","1","0.5",NULL
"22578518","0","1","0",NULL
"22594051","1","1","0.5",NULL
"22595904","0","1","0",NULL
"22596730","0","1","0",NULL
"22650211","1","1","0.5",NULL
"22700526","0","1","0",NULL
"22724717","1","0","1",NULL
"22737226","0","1","0",NULL
"22799750","1","0","1",NULL
"22837285","0","1","0",NULL
"22872643","1","0","1",NULL
"22903265","0","3","0",NULL
"22930902","1","0","1",NULL
"22931893","1","0","1",NULL
"22968158","0","2","0",NULL
"22990962","1","0","1",NULL
"22993014","13","1","0.928571",NULL
"23041630","0","2","0",NULL
"23055689","1","0","1",NULL
"23100148","3","0","1",NULL
"23125412","0","1","0",NULL
"23293734","0","1","0",NULL
"23645988","0","1","0",NULL
"23655688","1","1","0.5",NULL
"23783692","0","1","0",NULL
"23796987","0","2","0",NULL
"23831448","3","7","0.3",NULL
"23888081","0","1","0",NULL
"23937894","3","11","0.214286",NULL
"23950893","1","0","1",NULL
"23995748","2","4","0.333333",NULL
"24000375","0","1","0",NULL
"24000965","5","2","0.714286",NULL
"24006071","0","1","0",NULL
"24026321","0","1","0",NULL
"24057048","0","1","0",NULL
"24062457","0","1","0",NULL
"24138795","1","2","0.333333",NULL
"24165761","7","17","0.291667",NULL
"24202701","1","0","1",NULL
"24215395","1","0","1",NULL
"24224425","0","2","0",NULL
"24293233","1","0","1",NULL
"24340340","0","1","0",NULL
"24500377","0","1","0",NULL
"24502450","0","1","0",NULL
"24630719","1","0","1",NULL
"24668720","0","1","0",NULL
"24795163","0","1","0",NULL
"24872724","0","1","0",NULL
"24925027","0","2","0",NULL
"25036511","1","0","1",NULL
"25049056","1","1","0.5",NULL
"25067168","1","0","1",NULL
"25110374","0","3","0",NULL
"25178222","0","1","0",NULL
"25180828","0","1","0",NULL
"25210650","3","1","0.75",NULL
"25235198","1","0","1",NULL
"25236963","0","2","0",NULL
"25333609","1","0","1",NULL
"25360913","1","2","0.333333",NULL
"25446661","0","1","0",NULL
"25516222","2","2","0.5",NULL
"25545470","1","0","1",NULL
"25675905","0","1","0",NULL
"25777812","8","1","0.888889",NULL
"25803703","0","1","0",NULL
"25808907","0","1","0",NULL
"25960136","0","1","0",NULL
"25977925","1","0","1",NULL
"25979970","1","0","1",NULL
"26015031","0","1","0",NULL
"26032912","0","1","0",NULL
"26040618","1","0","1",NULL
"26165922","1","0","1",NULL
"26168951","0","1","0",NULL
"26214482","0","1","0",NULL
"26223583","0","1","0",NULL
"26257166","1","0","1",NULL
"26282046","1","0","1",NULL
"26362666","0","1","0",NULL
"26409050","1","0","1",NULL
"26514376","0","2","0",NULL
"26559241","0","1","0",NULL
"26567591","0","2","0",NULL
"26574283","2","0","1",NULL
"26577824","0","1","0",NULL
"26599982","0","1","0",NULL
"26642006","1","1","0.5",NULL
"26654287","0","1","0",NULL
"26729931","0","1","0",NULL
"26738483","3","0","1",NULL
"26792275","0","1","0",NULL
"26898420","0","1","0",NULL
"26900055","1","0","1",NULL
"27067896","0","1","0",NULL
"27172787","0","2","0",NULL
"27376958","0","2","0",NULL
"27453886","0","1","0",NULL
"27457454","1","1","0.5",NULL
"27487343","0","1","0",NULL
"27581606","0","1","0",NULL
"27698625","0","1","0",NULL
"27754737","0","4","0",NULL
"27761892","0","2","0",NULL
"27793335","0","1","0",NULL
"27801824","0","2","0",NULL
"27825918","1","0","1",NULL
"27831488","2","0","1",NULL
"27917781","3","0","1",NULL
"27931710","0","1","0",NULL
"27947088","2","1","0.666667",NULL
"27964284","0","1","0",NULL
"27966935","0","4","0",NULL
"28096105","1","1","0.5",NULL
"28124241","0","1","0",NULL
"28139873","1","0","1",NULL
"28186908","1","0","1",NULL
"28206390","0","1","0",NULL
"28287525","1","0","1",NULL
"28390516","0","1","0",NULL
"28406270","0","1","0",NULL
"28683184","0","1","0",NULL
"28695097","0","1","0",NULL
"28785486","25","20","0.555556",NULL
"28986402","0","1","0",NULL
"28987332","0","1","0",NULL
"29148666","0","1","0",NULL
"29264626","0","1","0",NULL
"29330030","2","2","0.5",NULL
"29330577","0","1","0",NULL
"29460627","0","1","0",NULL
"29488489","0","1","0",NULL
"29518466","1","0","1",NULL
"29643550","2","0","1",NULL
"29898052","1","0","1",NULL
"29904219","1","0","1",NULL
"29979814","0","1","0",NULL
"29995782","0","1","0",NULL
"30122242","2","0","1",NULL
"30160168","0","1","0",NULL
"30342533","0","1","0",NULL
"30346204","1","0","1",NULL
"30357467","1","0","1",NULL
"30447805","0","1","0",NULL
"30495613","0","1","0",NULL
"30599768","0","3","0",NULL
"30699754","1","2","0.333333",NULL
"30775031","1","0","1",NULL
"30817647","0","1","0",NULL
"30849103","1","0","1",NULL
"30920579","0","1","0",NULL
"31069618","0","1","0",NULL
"31352434","1","0","1",NULL
"31511502","0","1","0",NULL
"31517981","0","1","0",NULL
"31672638","0","1","0",NULL
"31917160","0","1","0",NULL
"32002507","0","1","0",NULL
"32178047","0","1","0",NULL
"32795568","1","0","1",NULL
"33076804","0","1","0",NULL
"33092289","0","2","0",NULL
"33235771","0","2","0",NULL
"33391760","0","1","0",NULL
"33407417","0","1","0",NULL
"33519870","0","1","0",NULL
"33798654","0","1","0",NULL
"33946296","0","1","0",NULL
"34123611","1","0","1",NULL
"34210188","0","1","0",NULL
"34262462","1","2","0.333333",NULL
"34310801","2","2","0.5",NULL
"34556109","1","0","1",NULL
"34713362","2","0","1",NULL
"35051304","0","1","0",NULL
"35441526","0","1","0",NULL
"35465596","0","1","0",NULL
"35466620","4","0","1",NULL
"35490978","0","1","0",NULL
"35590283","0","1","0",NULL
"35626475","0","1","0",NULL
"35757320","0","1","0",NULL
"35866054","0","1","0",NULL
"36116351","1","0","1",NULL
"36412963","0","1","0",NULL
"36419991","0","1","0",NULL
"36487440","1","0","1",NULL
"36493412","1","0","1",NULL
"36510146","0","1","0",NULL
"36623013","0","1","0",NULL
"36730252","2","0","1",NULL
"37255058","0","3","0",NULL
"37459590","0","1","0",NULL
"37501003","1","1","0.5",NULL
"37874853","6","0","1",NULL
"37881687","1","5","0.166667",NULL
"38156420","0","1","0",NULL
"38400130","4","4","0.5",NULL
"38736974","2","0","1",NULL
"39364684","0","2","0",NULL
"39682124","0","1","0",NULL
"39728435","0","2","0",NULL
"39812267","0","1","0",NULL
"39816275","1","0","1",NULL
"40146181","1","0","1",NULL
"40293464","0","1","0",NULL
"40316065","0","1","0",NULL
"40519997","0","1","0",NULL
"40878677","0","1","0",NULL
"40962194","0","1","0",NULL
"40997767","1","1","0.5",NULL
"41085467","0","2","0",NULL
"41204528","0","1","0",NULL
"41292655","1","0","1",NULL
"41337621","1","0","1",NULL
"41468683","0","1","0",NULL
"41479334","0","1","0",NULL
"41747410","0","2","0",NULL
"41789292","0","1","0",NULL
"41821259","0","1","0",NULL
"41925345","0","1","0",NULL
"42389136","1","1","0.5",NULL
"42407972","1","0","1",NULL
"42707719","0","1","0",NULL
"42887031","0","1","0",NULL
"42896073","2","1","0.666667",NULL
"42921216","1","2","0.333333",NULL
"42938207","0","1","0",NULL
"42958829","1","0","1",NULL
"43182702","0","2","0",NULL
"43261344","0","1","0",NULL
"43355844","1","0","1",NULL
"43641364","0","1","0",NULL
"43885373","0","1","0",NULL
"44166798","0","1","0",NULL
"44361097","0","2","0",NULL
"44544222","0","1","0",NULL
"44685373","1","0","1",NULL
"44699893","1","0","1",NULL
"44728980","1","0","1",NULL
"44835347","1","4","0.2",NULL
"45169955","0","1","0",NULL
"45527036","0","1","0",NULL
"45582904","0","1","0",NULL
"45632111","0","2","0",NULL
"45715838","0","1","0",NULL
"46078438","1","2","0.333333",NULL
"46213956","0","1","0",NULL
"46303458","0","1","0",NULL
"46431088","0","1","0",NULL
"46549541","0","2","0",NULL
"46562247","1","0","1",NULL
"46688460","0","1","0",NULL
"46822887","4","1","0.8",NULL
"47289823","2","1","0.666667",NULL
"47409343","0","1","0",NULL
"47469552","0","1","0",NULL
"47475039","0","4","0",NULL
"47685065","0","1","0",NULL
"47705588","0","1","0",NULL
"47916714","1","0","1",NULL
"48132847","0","1","0",NULL
"48290701","0","2","0",NULL
"48626190","1","0","1",NULL
"48926467","1","0","1",NULL
"48956231","3","0","1",NULL
"49279876","0","1","0",NULL
"49460512","1","0","1",NULL
"49481642","0","1","0",NULL
"49591803","1","0","1",NULL
"49593955","0","1","0",NULL
"49649077","1","0","1",NULL
"49654153","7","1","0.875",NULL
"49698134","0","1","0",NULL
"49811878","0","1","0",NULL
"50004938","0","1","0",NULL
"50055294","0","1","0",NULL
"50192480","1","0","1",NULL
"50348344","1","0","1",NULL
"50367908","0","1","0",NULL
"50657158","1","0","1",NULL
"50682065","0","1","0",NULL
"51008528","0","1","0",NULL
"51241574","20","11","0.645161",NULL
"51330975","0","1","0",NULL
"51381252","3","1","0.75",NULL
"52154385","0","1","0",NULL
"52299545","1","1","0.5",NULL
"52327900","1","0","1",NULL
"52557443","0","1","0",NULL
"52701676","0","1","0",NULL
"52990482","0","1","0",NULL
"53044031","0","1","0",NULL
"53338746","0","2","0",NULL
"53429839","0","1","0",NULL
"53503202","0","5","0",NULL
"53789862","0","1","0",NULL
"54489465","0","1","0",NULL
"54756055","0","1","0",NULL
"54791458","0","1","0",NULL
"55011262","2","1","0.666667",NULL
"55113967","0","1","0",NULL
"55186601","2","2","0.5",NULL
"55219159","0","1","0",NULL
"55594930","0","1","0",NULL
"55911799","0","1","0",NULL
"56223278","0","1","0",NULL
"56539746","1","0","1",NULL
"57068980","0","1","0",NULL
"57709461","0","1","0",NULL
"57945416","1","0","1",NULL
"58360124","0","1","0",NULL
"58467371","0","1","0",NULL
"58766083","0","1","0",NULL
"58913244","1","0","1",NULL
"59042511","1","0","1",NULL
"59287889","0","1","0",NULL
"59440137","0","1","0",NULL
"60022825","0","2","0",NULL
"60496760","1","0","1",NULL
"60937837","0","1","0",NULL
"61115931","0","1","0",NULL
"61126132","0","1","0",NULL
"61149653","0","1","0",NULL
"61336445","0","1","0",NULL
"61419696","1","0","1",NULL
"61436584","0","1","0",NULL
"61597754","1","0","1",NULL
"61914899","0","1","0",NULL
"62510409","1","3","0.25",NULL
"62894963","0","1","0",NULL
"63105173","1","2","0.333333",NULL
"63144098","1","0","1",NULL
"63362429","1","2","0.333333",NULL
"63502107","0","1","0",NULL
"63604619","0","1","0",NULL
"64643056","33","18","0.647059",NULL
"64672345","0","1","0",NULL
"64826919","0","1","0",NULL
"64933828","1","0","1",NULL
"65045121","0","1","0",NULL
"65375759","0","1","0",NULL
"65698096","0","1","0",NULL
"65860206","1","3","0.25",NULL
"65957957","0","1","0",NULL
"66533920","0","1","0",NULL
"66750855","0","1","0",NULL
"67197351","0","1","0",NULL
"67332233","0","1","0",NULL
"67345697","1","0","1",NULL
"67725191","0","1","0",NULL
"68577152","0","3","0",NULL
"69004966","0","6","0",NULL
"69042501","0","1","0",NULL
"69251428","0","1","0",NULL
"69329527","2","0","1",NULL
"69361168","1","0","1",NULL
"69773058","0","1","0",NULL
"69940000","0","1","0",NULL
"70255942","0","1","0",NULL
"70315912","1","0","1",NULL
"70424993","0","1","0",NULL
"70468535","1","0","1",NULL
"71080496","1","0","1",NULL
"71271985","0","1","0",NULL
"71804710","0","2","0",NULL
"72073289","0","1","0",NULL
"72882689","1","0","1",NULL
"73251272","1","0","1",NULL
"73406718","1","1","0.5",NULL
"73716850","2","0","1",NULL
"73929665","0","1","0",NULL
"74014041","1","0","1",NULL
"74144130","1","0","1",NULL
"74186967","1","0","1",NULL
"74264602","1","1","0.5",NULL
"74361628","1","0","1",NULL
"74382140","0","1","0",NULL
"75138076","1","1","0.5",NULL
"75584076","1","0","1",NULL
"76394861","0","1","0",NULL
"76453835","1","0","1",NULL
"76628896","1","1","0.5",NULL
"76858507","0","2","0",NULL
"77528520","1","0","1",NULL
"78195200","0","1","0",NULL
"78302221","1","0","1",NULL
"78584101","0","1","0",NULL
"78586909","0","1","0",NULL
"78665762","0","1","0",NULL
"79228319","0","1","0",NULL
"79238144","0","1","0",NULL
"80323736","0","1","0",NULL
"80687823","1","0","1",NULL
"80804103","0","1","0",NULL
"80807165","0","1","0",NULL
"81122301","0","1","0",NULL
"81305054","1","1","0.5",NULL
"81825702","0","1","0",NULL
"82048287","0","1","0",NULL
"82120358","0","1","0",NULL
"82726142","0","1","0",NULL
"83310721","0","1","0",NULL
"83521919","0","1","0",NULL
"83687045","0","1","0",NULL
"84014340","0","1","0",NULL
"85266441","0","1","0",NULL
"85867265","0","2","0",NULL
"85913912","0","1","0",NULL
"86002394","0","1","0",NULL
"86141342","0","2","0",NULL
"86753745","0","1","0",NULL
"86793368","0","1","0",NULL
"87087057","0","1","0",NULL
"87261221","1","0","1",NULL
"87359651","0","1","0",NULL
"87416722","10","4","0.714286",NULL
"87818409","7","7","0.5",NULL
"88574375","0","1","0",NULL
"88734887","0","3","0",NULL
"88944711","1","0","1",NULL
"89347280","0","1","0",NULL
"89457976","3","0","1",NULL
"89570834","0","1","0",NULL
"89887215","1","0","1",NULL
"90243293","0","1","0",NULL
"91279573","0","1","0",NULL
"91466927","0","1","0",NULL
"91493488","1","0","1",NULL
"91774878","1","0","1",NULL
"92771309","2","2","0.5",NULL
"93652764","0","1","0",NULL
"93735135","1","0","1",NULL
"93879982","0","1","0",NULL
"95747671","2","1","0.666667",NULL
"96104822","0","1","0",NULL
"96501145","1","0","1",NULL
"96625583","0","1","0",NULL
"97327765","0","3","0",NULL
"97474887","0","3","0",NULL
"97849124","0","2","0",NULL
"98057278","0","1","0",NULL
"98487877","0","1","0",NULL
"98627870","0","1","0",NULL
"99028224","1","0","1",NULL
"99034397","1","0","1",NULL
"99211591","0","1","0",NULL
"99238190","0","1","0",NULL
"100136358","0","2","0",NULL
"100629223","1","1","0.5",NULL
"100936791","2","4","0.333333",NULL
"101848151","0","3","0",NULL
"102287424","0","1","0",NULL
"102401151","0","1","0",NULL
"103065157","0","2","0",NULL
"103245739","0","1","0",NULL
"103394588","1","0","1",NULL
"103849564","0","1","0",NULL
"105173441","0","1","0",NULL
"105485791","0","1","0",NULL
"106272927","1","0","1",NULL
"106470258","0","1","0",NULL
"106788285","0","1","0",NULL
"107883101","0","1","0",NULL
"109065990","0","4","0",NULL
"109234928","2","0","1",NULL
"109747548","0","1","0",NULL
"110363115","0","1","0",NULL
"110445334","0","1","0",NULL
"110710738","0","1","0",NULL
"110773874","0","1","0",NULL
"110827653","0","1","0",NULL
"110840071","0","1","0",NULL
"110906944","0","1","0",NULL
"111044562","0","1","0",NULL
"111157878","0","1","0",NULL
"112562263","1","0","1",NULL
"112641607","1","0","1",NULL
"112874216","1","0","1",NULL
"113038982","0","2","0",NULL
"113164127","0","1","0",NULL
"114032121","0","2","0",NULL
"114075165","1","0","1",NULL
"115393565","1","0","1",NULL
"115514485","2","1","0.666667",NULL
"115754870","0","1","0",NULL
"116520227","3","1","0.75",NULL
"116625196","0","2","0",NULL
"117155939","0","2","0",NULL
"119106683","1","5","0.166667",NULL
"119294048","0","1","0",NULL
"119972954","6","3","0.666667",NULL
"121146038","0","1","0",NULL
"121483664","0","2","0",NULL
"122261841","0","1","0",NULL
"122539413","0","1","0",NULL
"123093889","0","1","0",NULL
"123746182","0","1","0",NULL
"124227622","0","1","0",NULL
"124476322","1","2","0.333333",NULL
"125486974","0","1","0",NULL
"125944392","0","2","0",NULL
"126400767","0","1","0",NULL
"126447030","0","1","0",NULL
"126486040","3","0","1",NULL
"126629610","1","0","1",NULL
"129673790","4","1","0.8",NULL
"129964269","1","2","0.333333",NULL
"130294479","1","0","1",NULL
"130557513","0","1","0",NULL
"132231788","0","1","0",NULL
"132275243","0","1","0",NULL
"133081159","0","1","0",NULL
"133093395","0","1","0",NULL
"134196350","6","9","0.4",NULL
"134963200","1","0","1",NULL
"135604500","0","2","0",NULL
"136191905","1","1","0.5",NULL
"136658558","0","1","0",NULL
"138168339","0","1","0",NULL
"138409823","0","1","0",NULL
"139687841","0","1","0",NULL
"140073314","0","1","0",NULL
"141084952","0","1","0",NULL
"142034504","0","1","0",NULL
"142614009","0","1","0",NULL
"142957691","1","1","0.5",NULL
"143415291","1","0","1",NULL
"143695063","1","0","1",NULL
"145415898","0","1","0",NULL
"146332990","1","0","1",NULL
"146765658","1","0","1",NULL
"147090647","0","1","0",NULL
"147326828","0","1","0",NULL
"147754032","0","1","0",NULL
"148116121","0","1","0",NULL
"148653311","0","1","0",NULL
"149272318","0","2","0",NULL
"149282848","0","1","0",NULL
"149590738","0","1","0",NULL
"149913262","0","1","0",NULL
"150246405","1","0","1",NULL
"150425432","0","1","0",NULL
"150671052","0","1","0",NULL
"151245126","0","1","0",NULL
"151295755","0","1","0",NULL
"153029181","0","9","0",NULL
"154380211","0","1","0",NULL
"154435961","0","1","0",NULL
"155954125","0","2","0",NULL
"156093276","1","0","1",NULL
"156123647","0","5","0",NULL
"156464691","10","1","0.909091",NULL
"157054921","1","0","1",NULL
"157981564","0","1","0",NULL
"158128894","0","1","0",NULL
"158426909","3","0","1",NULL
"158561160","0","2","0",NULL
"158613421","0","1","0",NULL
"159210283","0","2","0",NULL
"160241472","1","0","1",NULL
"160396614","0","1","0",NULL
"162304163","2","3","0.4",NULL
"162436508","0","1","0",NULL
"164075542","1","3","0.25",NULL
"164418122","0","1","0",NULL
"164536190","0","1","0",NULL
"166329578","0","1","0",NULL
"166710918","0","1","0",NULL
"166880898","0","1","0",NULL
"168683422","0","1","0",NULL
"168843567","2","0","1",NULL
"169844049","0","1","0",NULL
"169962549","0","1","0",NULL
"171117515","0","1","0",NULL
"171606833","1","0","1",NULL
"171643578","0","1","0",NULL
"171802941","20","3","0.869565",NULL
"172869874","2","0","1",NULL
"172887151","0","1","0",NULL
"173885254","0","1","0",NULL
"174958289","0","2","0",NULL
"175452918","0","1","0",NULL
"176165009","0","1","0",NULL
"176754253","1","0","1",NULL
"176930329","1","0","1",NULL
"176934206","0","1","0",NULL
"177584156","1","0","1",NULL
"177886974","0","1","0",NULL
"179218353","1","0","1",NULL
"179732982","3","0","1",NULL
"180394227","1","0","1",NULL
"180887271","1","0","1",NULL
"181561712","0","1","0",NULL
"182251918","1","1","0.5",NULL
"183294043","0","1","0",NULL
"183341278","0","10","0",NULL
"183368272","0","1","0",NULL
"187303839","0","1","0",NULL
"187721634","0","1","0",NULL
"189682666","0","1","0",NULL
"190361651","0","1","0",NULL
"190427235","0","1","0",NULL
"191692374","0","1","0",NULL
"192547775","0","1","0",NULL
"193395018","2","2","0.5",NULL
"193725962","0","1","0",NULL
"193786214","1","0","1",NULL
"194272236","0","1","0",NULL
"194732581","0","1","0",NULL
"195160252","0","1","0",NULL
"195271137","2","6","0.25",NULL
"195903035","1","0","1",NULL
"196084805","0","1","0",NULL
"196994616","0","1","0",NULL
"200583835","0","2","0",NULL
"201059165","0","1","0",NULL
"201308621","0","1","0",NULL
"201394249","0","1","0",NULL
"201800640","0","1","0",NULL
"202934450","0","1","0",NULL
"203123011","18","7","0.72",NULL
"203835503","0","1","0",NULL
"204832963","0","2","0",NULL
"205242337","2","1","0.666667",NULL
"205480257","0","1","0",NULL
"206979151","0","1","0",NULL
"210181440","1","0","1",NULL
"210238655","0","1","0",NULL
"211105315","0","1","0",NULL
"211374036","1","0","1",NULL
"213518581","1","0","1",NULL
"214007688","3","0","1",NULL
"214205356","0","1","0",NULL
"214622133","0","1","0",NULL
"214924806","0","1","0",NULL
"215258085","0","1","0",NULL
"215694545","0","1","0",NULL
"216299334","1","1","0.5",NULL
"216430965","0","1","0",NULL
"216586703","0","1","0",NULL
"216739115","0","1","0",NULL
"217104488","0","1","0",NULL
"217872058","0","1","0",NULL
"218730857","0","1","0",NULL
"219907484","0","1","0",NULL
"220023810","0","1","0",NULL
"220343896","1","0","1",NULL
"220765357","0","1","0",NULL
"220843663","0","2","0",NULL
"222982321","0","1","0",NULL
"223369343","0","1","0",NULL
"223484404","0","1","0",NULL
"223995226","0","1","0",NULL
"224135257","0","1","0",NULL
"225227311","1","0","1",NULL
"225235528","2","5","0.285714",NULL
"225244783","0","1","0",NULL
"227491174","0","1","0",NULL
"227837742","2","6","0.25",NULL
"228120405","0","2","0",NULL
"230527949","2","2","0.5",NULL
"230859523","0","1","0",NULL
"231094495","1","0","1",NULL
"232851192","1","0","1",NULL
"234395084","0","1","0",NULL
"234874463","3","1","0.75",NULL
"235610395","2","1","0.666667",NULL
"236488883","3","1","0.75",NULL
"237606548","1","2","0.333333",NULL
"237632983","1","0","1",NULL
"238575113","0","7","0",NULL
"239509917","0","1","0",NULL
"240028072","1","0","1",NULL
"240649814","2","1","0.666667",NULL
"242098055","0","1","0",NULL
"243679064","0","1","0",NULL
"244452760","0","3","0",NULL
"244571847","1","0","1",NULL
"244612749","0","1","0",NULL
"245009225","0","1","0",NULL
"245689692","0","1","0",NULL
"246130881","0","5","0",NULL
"246682858","1","0","1",NULL
"247412653","1","0","1",NULL
"248967064","0","1","0",NULL
"249339016","3","0","1",NULL
"250603308","0","1","0",NULL
"251990786","0","1","0",NULL
"252794509","0","1","0",NULL
"252868465","0","1","0",NULL
"253186785","1","0","1",NULL
"254873869","1","2","0.333333",NULL
"255187660","1","0","1",NULL
"255753616","0","1","0",NULL
"256363817","1","0","1",NULL
"256596567","1","0","1",NULL
"256651991","0","1","0",NULL
"256754533","0","1","0",NULL
"257291338","0","2","0",NULL
"257549385","0","1","0",NULL
"258627226","3","2","0.6",NULL
"258703448","0","1","0",NULL
"261413944","0","1","0",NULL
"262834755","0","1","0",NULL
"263007263","0","1","0",NULL
"263371799","0","1","0",NULL
"264268489","1","0","1",NULL
"264518387","0","1","0",NULL
"264924050","1","0","1",NULL
"266084123","1","0","1",NULL
"266312733","0","1","0",NULL
"268270621","1","0","1",NULL
"268416076","0","2","0",NULL
"268476335","1","0","1",NULL
"268531577","0","1","0",NULL
"268662889","1","0","1",NULL
"268676434","0","1","0",NULL
"269167743","0","1","0",NULL
"269950830","0","1","0",NULL
"271413771","1","3","0.25",NULL
"271445418","1","0","1",NULL
"271461410","0","1","0",NULL
"271543756","1","0","1",NULL
"271661216","0","1","0",NULL
"272172091","2","2","0.5",NULL
"274831602","1","0","1",NULL
"277983398","0","1","0",NULL
"278067201","0","1","0",NULL
"278098811","0","1","0",NULL
"278914984","1","1","0.5",NULL
"279390084","2","23","0.08",NULL
"279534015","1","0","1",NULL
"280784084","0","1","0",NULL
"281754653","0","1","0",NULL
"282335488","1","0","1",NULL
"282695161","0","1","0",NULL
"282977213","0","2","0",NULL
"283235743","0","3","0",NULL
"284620348","0","1","0",NULL
"285383650","1","0","1",NULL
"286886892","0","1","0",NULL
"287281370","0","1","0",NULL
"288283415","1","0","1",NULL
"289998339","6","4","0.6",NULL
"291859009","1","0","1",NULL
"292777349","34","8","0.809524",NULL
"293227742","1","0","1",NULL
"293838759","0","1","0",NULL
"293866350","1","1","0.5",NULL
"294379576","1","0","1",NULL
"297602297","0","1","0",NULL
"301309392","0","2","0",NULL
"302071347","0","3","0",NULL
"302564474","1","0","1",NULL
"302974524","1","0","1",NULL
"303898231","1","0","1",NULL
"304695261","0","2","0",NULL
"308556440","0","1","0",NULL
"312149882","1","0","1",NULL
"312696314","0","1","0",NULL
"315878798","0","1","0",NULL
"317384131","0","1","0",NULL
"318835344","0","1","0",NULL
"319777415","0","1","0",NULL
"321752222","0","1","0",NULL
"322572436","1","0","1",NULL
"323967274","0","1","0",NULL
"325005357","1","0","1",NULL
"325076723","3","2","0.6",NULL
"325265073","2","2","0.5",NULL
"325340909","0","6","0",NULL
"325747234","2","1","0.666667",NULL
"326140439","1","0","1",NULL
"326196796","0","1","0",NULL
"327622609","2","0","1",NULL
"328541805","1","0","1",NULL
"329415374","0","1","0",NULL
"330378192","1","1","0.5",NULL
"330459560","1","0","1",NULL
"330826792","0","1","0",NULL
"331051303","0","1","0",NULL
"331672974","0","1","0",NULL
"331998971","0","1","0",NULL
"333205257","0","1","0",NULL
"333568300","0","1","0",NULL
"335455570","1","0","1",NULL
"336899029","0","1","0",NULL
"337801323","1","0","1",NULL
"338099403","0","1","0",NULL
"339596853","0","1","0",NULL
"341908197","1","7","0.125",NULL
"342692032","1","0","1",NULL
"342894187","1","0","1",NULL
"343082774","0","1","0",NULL
"343800462","0","1","0",NULL
"343889583","0","1","0",NULL
"346809444","1","0","1",NULL
"346924655","1","0","1",NULL
"347451363","1","1","0.5",NULL
"349803020","0","1","0",NULL
"351120282","1","0","1",NULL
"351736101","0","1","0",NULL
"351934556","0","1","0",NULL
"352858004","1","0","1",NULL
"353047163","0","1","0",NULL
"354356571","0","1","0",NULL
"357191485","0","1","0",NULL
"358136545","0","1","0",NULL
"358347117","0","1","0",NULL
"359138243","1","0","1",NULL
"360129829","1","0","1",NULL
"360738490","1","0","1",NULL
"363767963","0","1","0",NULL
"363879015","1","0","1",NULL
"364306576","0","1","0",NULL
"364423298","0","1","0",NULL
"364810202","1","0","1",NULL
"366066427","0","1","0",NULL
"366089337","0","1","0",NULL
"368196789","0","1","0",NULL
"368565886","0","1","0",NULL
"370310957","1","0","1",NULL
"371510063","1","0","1",NULL
"372036385","0","1","0",NULL
"372095233","0","1","0",NULL
"372502604","1","0","1",NULL
"373783051","2","3","0.4",NULL
"374712154","0","4","0",NULL
"375562803","0","1","0",NULL
"375721095","6","0","1",NULL
"376109186","2","1","0.666667",NULL
"377163508","0","2","0",NULL
"379479080","0","1","0",NULL
"379481082","0","1","0",NULL
"379590591","0","1","0",NULL
"380118903","0","1","0",NULL
"380648579","8","5","0.615385",NULL
"381030530","0","1","0",NULL
"382027901","1","0","1",NULL
"382134136","0","1","0",NULL
"382376904","0","2","0",NULL
"383733061","0","1","0",NULL
"384438102","3","2","0.6",NULL
"384646101","0","1","0",NULL
"386815916","1","3","0.25",NULL
"387027891","0","1","0",NULL
"390751847","1","0","1",NULL
"392773603","0","1","0",NULL
"393469195","1","0","1",NULL
"393488321","0","1","0",NULL
"395836614","0","1","0",NULL
"401161798","0","1","0",NULL
"401291187","0","1","0",NULL
"401651305","0","1","0",NULL
"403647191","1","1","0.5",NULL
"403932208","0","1","0",NULL
"405743388","0","1","0",NULL
"407871140","0","1","0",NULL
"409941587","0","1","0",NULL
"410334710","2","0","1",NULL
"411780181","0","1","0",NULL
"412373159","0","1","0",NULL
"412682869","1","0","1",NULL
"413279505","1","0","1",NULL
"414488432","1","0","1",NULL
"414573312","0","3","0",NULL
"414601231","0","1","0",NULL
"421719377","0","1","0",NULL
"423662810","7","0","1",NULL
"424120588","0","1","0",NULL
"427515851","1","0","1",NULL
"427748930","0","2","0",NULL
"428140124","0","1","0",NULL
"428159786","0","1","0",NULL
"430145070","1","0","1",NULL
"430739183","1","0","1",NULL
"439125710","1","0","1",NULL
"441636351","0","2","0",NULL
"442653867","1","1","0.5",NULL
"447410369","0","1","0",NULL
"453030125","0","1","0",NULL
"455362096","0","1","0",NULL
"455667047","0","1","0",NULL
"464311706","1","0","1",NULL
"469194846","2","0","1",NULL
"469509327","1","0","1",NULL
"470708968","2","2","0.5",NULL
"472230937","0","1","0",NULL
"472778354","1","0","1",NULL
"475492463","0","1","0",NULL
"479874506","1","0","1",NULL
"482265445","0","1","0",NULL
"485249248","0","1","0",NULL
"487118986","1","0","1",NULL
"488176442","1","1","0.5",NULL
"489336004","0","3","0",NULL
"489475164","0","1","0",NULL
"491960101","3","3","0.5",NULL
"495434352","0","1","0",NULL
"495464885","0","4","0",NULL
"497534338","0","1","0",NULL
"497665754","1","3","0.25",NULL
"499696436","1","2","0.333333",NULL
"500275955","0","1","0",NULL
"501293202","1","0","1",NULL
"501637514","0","3","0",NULL
"507949202","0","1","0",NULL
"508110571","1","0","1",NULL
"520011678","0","1","0",NULL
"522403192","0","1","0",NULL
"523885252","0","1","0",NULL
"525634151","1","0","1",NULL
"529784320","0","1","0",NULL
"532574426","0","1","0",NULL
"534675241","0","4","0",NULL
"537612240","1","1","0.5",NULL
"543202426","0","1","0",NULL
"543445173","0","1","0",NULL
"548203324","1","0","1",NULL
"549044887","0","1","0",NULL
"549587666","0","2","0",NULL
"552283163","1","0","1",NULL
"552842384","0","1","0",NULL
"553259396","0","1","0",NULL
"554676448","0","1","0",NULL
"558251172","0","1","0",NULL
"563229397","1","0","1",NULL
"564457556","1","0","1",NULL
"564807258","0","7","0",NULL
"570641816","0","1","0",NULL
"573788425","0","1","0",NULL
"573897929","0","2","0",NULL
"574600705","0","1","0",NULL
"575260236","1","0","1",NULL
"580183048","0","1","0",NULL
"584797578","0","3","0",NULL
"592155963","0","1","0",NULL
"597251143","2","0","1",NULL
"601862797","0","1","0",NULL
"602609422","0","1","0",NULL
"606029424","0","1","0",NULL
"606437303","1","0","1",NULL
"608161678","1","0","1",NULL
"609244293","0","1","0",NULL
"611346290","0","1","0",NULL
"612924569","0","1","0",NULL
"612943066","0","1","0",NULL
"617825073","0","1","0",NULL
"618300542","0","1","0",NULL
"618972073","0","1","0",NULL
"622969430","0","1","0",NULL
"632305734","0","1","0",NULL
"632633631","0","1","0",NULL
"633699806","0","1","0",NULL
"635608354","3","1","0.75",NULL
"700612208","0","1","0",NULL
"711348452","0","2","0",NULL
"718612494","1","0","1",NULL
"719288724","0","1","0",NULL
"736798032","1","2","0.333333",NULL
"737450550","0","1","0",NULL
"747398809","1","0","1",NULL
"748137168","0","1","0",NULL
"757313467","1","0","1",NULL
"763156754","0","1","0",NULL
"770759270","0","1","0",NULL
"774393817","0","1","0",NULL
"776528756","0","1","0",NULL
"796129668","0","1","0",NULL
"808790604","1","0","1",NULL
"818212956","0","2","0",NULL
"827765124","1","0","1",NULL
"849121410","0","1","0",NULL
"850302560","0","1","0",NULL
"855180008","0","1","0",NULL
"856010760","0","1","0",NULL
"858924511","1","0","1",NULL
"868112707","1","0","1",NULL
"872683897","1","0","1",NULL
"883619466","0","1","0",NULL
"887163673","0","1","0",NULL
"898533348","0","1","0",NULL
"902200087","0","2","0",NULL
"908996244","0","1","0",NULL
"910828603","1","1","0.5",NULL
"913135650","1","0","1",NULL
"917922457","0","1","0",NULL
"926505505","0","1","0",NULL
"930386257","0","1","0",NULL
"937696388","0","1","0",NULL
"940368062","1","0","1",NULL
"951837780","0","1","0",NULL
"952112047","0","1","0",NULL
"954124423","3","8","0.272727",NULL
"956604620","1","0","1",NULL
"957502914","3","0","1",NULL
"961585981","1","0","1",NULL
"961974776","0","1","0",NULL
"974735124","1","2","0.333333",NULL
"979457803","0","1","0",NULL
"980908736","1","0","1",NULL
"994782234","1","0","1",NULL
"1002161534","0","1","0",NULL
"1014423703","0","2","0",NULL
"1020058453","8","3","0.727273",NULL
"1028706985","0","1","0",NULL
"1036325418","0","1","0",NULL
"1054379462","1","0","1",NULL
"1056552596","1","0","1",NULL
"1062136398","0","1","0",NULL
"1068121346","0","1","0",NULL
"1077181999","0","1","0",NULL
"1078522038","0","1","0",NULL
"1086941082","0","1","0",NULL
"1093638847","0","1","0",NULL
"1115146242","0","1","0",NULL
"1125937411","0","1","0",NULL
"1128995864","0","1","0",NULL
"1156344793","0","1","0",NULL
"1161902875","0","1","0",NULL
"1169109691","0","1","0",NULL
"1169292122","0","1","0",NULL
"1199102480","0","1","0",NULL
"1205111988","0","1","0",NULL
"1231224926","0","1","0",NULL
"1246678909","0","2","0",NULL
"1257280160","0","1","0",NULL
"1263002017","2","0","1",NULL
"1269181292","1","0","1",NULL
"1289847366","0","1","0",NULL
"1291267135","1","0","1",NULL
"1291770157","6","17","0.26087",NULL
"1300320594","0","1","0",NULL
"1306563709","0","1","0",NULL
"1310201424","0","1","0",NULL
"1331760487","1","0","1",NULL
"1341076670","0","1","0",NULL
"1359226843","0","1","0",NULL
"1360789357","0","1","0",NULL
"1363520268","2","0","1",NULL
"1374932796","0","1","0",NULL
"1375289149","0","4","0",NULL
"1378163893","1","1","0.5",NULL
"1381926373","2","9","0.181818",NULL
"1382542153","0","1","0",NULL
"1398275840","0","1","0",NULL
"1399909376","1","0","1",NULL
"1409798257","0","1","0",NULL
"1413216920","0","1","0",NULL
"1415144762","1","0","1",NULL
"1426406143","0","2","0",NULL
"1449450966","0","1","0",NULL
"1453757544","0","1","0",NULL
"1462833583","1","0","1",NULL
"1465822578","0","1","0",NULL
"1467733123","0","1","0",NULL
"1468696195","0","2","0",NULL
"1470770234","0","1","0",NULL
"1504614494","0","1","0",NULL
"1507338108","0","2","0",NULL
"1513504760","0","1","0",NULL
"1513854438","0","1","0",NULL
"1520330192","0","1","0",NULL
"1526228120","0","1","0",NULL
"1526423011","0","1","0",NULL
"1532402708","1","0","1",NULL
"1533006836","1","0","1",NULL
"1539100118","0","1","0",NULL
"1543801099","0","1","0",NULL
"1546896846","0","3","0",NULL
"1562935142","0","1","0",NULL
"1571239068","1","0","1",NULL
"1578821227","1","0","1",NULL
"1585763420","0","1","0",NULL
"1594679162","0","1","0",NULL
"1596105337","0","1","0",NULL
"1598644159","0","1","0",NULL
"1609475190","0","1","0",NULL
"1617876511","0","1","0",NULL
"1626294277","0","2","0",NULL
"1630896181","3","1","0.75",NULL
"1634077976","0","1","0",NULL
"1659333062","1","0","1",NULL
"1662016292","0","1","0",NULL
"1663752234","0","1","0",NULL
"1668303476","0","1","0",NULL
"1672611397","1","0","1",NULL
"1678020594","0","1","0",NULL
"1688493770","0","1","0",NULL
"1695784514","1","1","0.5",NULL
"1700366010","0","1","0",NULL
"1702119050","0","1","0",NULL
"1717464030","0","1","0",NULL
"1750973664","0","1","0",NULL
"1852534999","1","0","1",NULL
"1855737487","5","1","0.833333",NULL
"1859593506","0","1","0",NULL
"1865386620","0","1","0",NULL
"1868676517","0","1","0",NULL
"1888149452","0","1","0",NULL
"1899332185","0","1","0",NULL
"1900801694","2","0","1",NULL
"1920286333","0","1","0",NULL
"1921517718","0","1","0",NULL
"1925489179","0","1","0",NULL
"1932737630","1","0","1",NULL
"1934989190","0","1","0",NULL
"1956040279","0","1","0",NULL
"1960878613","6","5","0.545455",NULL
"2163076560","2","8","0.2",NULL
"2170265940","0","1","0",NULL
"2173646835","0","1","0",NULL
"2177710981","0","1","0",NULL
"2180126766","0","1","0",NULL
"2183816041","1","0","1",NULL
"2190056023","0","1","0",NULL
"2193946021","1","2","0.333333",NULL
"2200632505","0","1","0",NULL
"2260706071","0","1","0",NULL
"2267059262","0","1","0",NULL
"2270640056","0","1","0",NULL
"2271035214","1","0","1",NULL
"2280470022","16","16","0.5",NULL
"2283020590","0","1","0",NULL
"2286821737","0","1","0",NULL
"2295172961","1","0","1",NULL
"2319496214","0","1","0",NULL
"2326399310","0","1","0",NULL
"2326482060","1","0","1",NULL
"2327508680","1","0","1",NULL
"2329066872","0","1","0",NULL
"2329395758","0","2","0",NULL
"2342775366","1","0","1",NULL
"2347049341","0","1","0",NULL
"2350218440","0","1","0",NULL
"2351100937","0","1","0",NULL
"2370486097","0","1","0",NULL
"2370817676","0","1","0",NULL
"2378713202","0","2","0",NULL
"2378814295","0","1","0",NULL
"2394937256","0","1","0",NULL
"2402254161","1","0","1",NULL
"2405388402","1","0","1",NULL
"2429570119","0","1","0",NULL
"2436429546","0","1","0",NULL
"2448260294","0","1","0",NULL
"2461887810","0","1","0",NULL
"2464867495","0","1","0",NULL
"2467959607","0","1","0",NULL
"2468828556","0","1","0",NULL
"2487323707","1","0","1",NULL
"2512264104","0","1","0",NULL
"2518331167","0","1","0",NULL
"2532955292","0","1","0",NULL
"2566535282","6","4","0.6",NULL
"2574072036","0","1","0",NULL
"2581857086","4","2","0.666667",NULL
"2602208286","0","1","0",NULL
"2611766492","0","2","0",NULL
"2653613168","0","1","0",NULL
"2680112214","0","1","0",NULL
"2687627611","0","1","0",NULL
"2725579568","9","5","0.642857",NULL
"2738397743","2","0","1",NULL
"2748882114","0","1","0",NULL
"2754194395","1","0","1",NULL
"2779009591","1","0","1",NULL
"2779835956","0","1","0",NULL
"2785832997","0","1","0",NULL
"2786147872","0","1","0",NULL
"2799960092","2","9","0.181818",NULL
"2802142702","0","1","0",NULL
"2832527047","0","2","0",NULL
"2836941830","1","0","1",NULL
"2859156054","0","1","0",NULL
"2866454240","1","0","1",NULL
"2868975307","0","1","0",NULL
"2869804885","1","0","1",NULL
"2873016720","1","0","1",NULL
"2873638358","0","1","0",NULL
"2874906289","0","1","0",NULL
"2880535735","0","1","0",NULL
"2882725832","1","0","1",NULL
"2883287419","0","1","0",NULL
"2883736417","1","0","1",NULL
"2897135260","1","0","1",NULL
"2937797170","1","1","0.5",NULL
"2941152158","1","0","1",NULL
"2962661709","1","0","1",NULL
"3006168515","0","1","0",NULL
"3010969478","1","0","1",NULL
"3022045469","1","0","1",NULL
